Workbook

Sheet Vue-Synthese
A1: F3 — Fixture de Vérité (Ground Truth) — #358
B3: DONNÉES BRUTES (v) | F3: CONTRIBUTIONS (w) | J3: FINAL
A4: Étudiant | B4: C1 Binaire | C4: C2 Num. | D4: C3 Binaire | E4: C4 Num. | F4: C1 v × 4 | G4: C2 v | H4: C3 v × 2 | I4: C4 v | J4: Total
A5: =Donnees!A4 -> E1 | B5: =Donnees!B4 -> 1 | C5: =Donnees!C4 -> 8 | D5: =Donnees!D4 -> 1 | E5: =Donnees!E4 -> 4 | F5: =Contributions!B4 -> 4 | G5: =Contributions!C4 -> 8 | H5: =Contributions!D4 -> 2 | I5: =Contributions!E4 -> 4 | J5: =Contributions!F4 -> 18
A6: =Donnees!A5 -> E2 | B6: =Donnees!B5 -> 1 | C6: =Donnees!C5 -> 6 | D6: =Donnees!D5 -> 0 | E6: =Donnees!E5 -> 2 | F6: =Contributions!B5 -> 4 | G6: =Contributions!C5 -> 6 | H6: =Contributions!D5 -> 0 | I6: =Contributions!E5 -> 2 | J6: =Contributions!F5 -> 12
A7: =Donnees!A6 -> E3 | B7: =Donnees!B6 -> 0 | C7: =Donnees!C6 -> 9 | D7: =Donnees!D6 -> 1 | E7: =Donnees!E6 -> 4 | F7: =Contributions!B6 -> 0 | G7: =Contributions!C6 -> 9 | H7: =Contributions!D6 -> 2 | I7: =Contributions!E6 -> 4 | J7: =Contributions!F6 -> 15
A8: =Donnees!A7 -> E4 | B8: =Donnees!B7 -> 1 | C8: =Donnees!C7 -> 5 | D8: =Donnees!D7 -> 1 | E8: =Donnees!E7 -> 2 | F8: =Contributions!B7 -> 4 | G8: =Contributions!C7 -> 5 | H8: =Contributions!D7 -> 2 | I8: =Contributions!E7 -> 2 | J8: =Contributions!F7 -> 13
A9: =Donnees!A8 -> E5 | B9: =Donnees!B8 -> 0 | C9: =Donnees!C8 -> 7 | D9: =Donnees!D8 -> 0 | E9: =Donnees!E8 -> 4 | F9: =Contributions!B8 -> 0 | G9: =Contributions!C8 -> 7 | H9: =Contributions!D8 -> 0 | I9: =Contributions!E8 -> 4 | J9: =Contributions!F8 -> 11
A10: =Donnees!A9 -> E6 | B10: =Donnees!B9 -> 1 | C10: =Donnees!C9 -> 4 | D10: =Donnees!D9 -> 1 | E10: =Donnees!E9 -> 0 | F10: =Contributions!B9 -> 4 | G10: =Contributions!C9 -> 4 | H10: =Contributions!D9 -> 2 | I10: =Contributions!E9 -> 0 | J10: =Contributions!F9 -> 10
A11: =Donnees!A10 -> E7 | B11: =Donnees!B10 -> 1 | C11: =Donnees!C10 -> 10 | D11: =Donnees!D10 -> 1 | E11: =Donnees!E10 -> 4 | F11: =Contributions!B10 -> 4 | G11: =Contributions!C10 -> 10 | H11: =Contributions!D10 -> 2 | I11: =Contributions!E10 -> 4 | J11: =Contributions!F10 -> 20
A12: =Donnees!A11 -> E8 | B12: =Donnees!B11 -> 0 | C12: =Donnees!C11 -> 3 | D12: =Donnees!D11 -> 0 | E12: =Donnees!E11 -> 2 | F12: =Contributions!B11 -> 0 | G12: =Contributions!C11 -> 3 | H12: =Contributions!D11 -> 0 | I12: =Contributions!E11 -> 2 | J12: =Contributions!F11 -> 5
A13: MOYENNE | B13: =AVERAGE(B5:B12) -> 0.625 | C13: =AVERAGE(C5:C12) -> 6.5 | D13: =AVERAGE(D5:D12) -> 0.625 | E13: =AVERAGE(E5:E12) -> 2.75 | F13: Calculs de fiabilité (ddof=1) — voir feuilles Difficulte / Discrimination / AlphaCronbach
A14: DIFFICULTÉ (p) | B14: =Difficulte!E4 -> 0.625 | C14: =Difficulte!E5 -> 0.65 | D14: =Difficulte!E6 -> 0.625 | E14: =Difficulte!E7 -> 0.6875 | F14: ALPHA DE CRONBACH | J14: =AlphaCronbach!B12 -> 0.52136752
A15: DISCRI. (r) | B15: =Discrimination!D4 -> 0.03305898 | C15: =Discrimination!D5 -> 0.62994079 | D15: =Discrimination!D6 -> 0.48434344 | E15: =Discrimination!D7 -> 0.34879056 | F15: r = CORREL( contribution_item ; total − contribution_item )
A17: Note méthodologique (contrat #358, app/stats/engine.py)
A18: 1) Variances ÉCHANTILLON (ddof = 1) : au tableur, VAR.S() — jamais VAR.P(). C'est la formule utilisée dans la feuille AlphaCronbach.
A19: 2) contribution(item) = valeur × pondération si le critère est BINAIRE ; valeur brute si NUMÉRIQUE. C'est l'arithmétique exacte de ExamItemSnapshot.weigh côté scoring — la pondération d'un critère NUMÉRIQUE plafonne, elle ne multiplie pas.
A20: 3) 8 étudiants seulement : ce jeu vérifie les FORMULES du moteur (engine.py), pas le contrat de refus « effectif insuffisant » — celui-ci a ses propres tests (test_engine_*.py) qui exercent les seuils de production (n≥10, n≥15…).
A21: 4) Chaque cellule ci-dessus est une FORMULE (AVERAGE, CORREL, VAR.S) qui pointe vers les feuilles Donnees / Contributions / Difficulte / Discrimination / AlphaCronbach : aucune valeur n'est saisie à la main dans ce tableau de synthèse — il se recalcule si les données brutes changent.
A22: 5) Le fixture JSON consommé par tests/test_fixtures_f3.py (ai-service/tests/fixtures/f3/) reprend VERBATIM les 9 valeurs de ce classeur (4 p, 4 r, 1 α), tolérance ±0.005.

Sheet Bareme
A1: F3 — Fixtures de vérité (#358) — barème des 4 critères
A3: item_id | B3: libellé | C3: type | D3: ponderation | E3: valeur_max | F3: note (si BINAIRE : pondération = points ; si NUMERIQUE : barème 0..valeur_max)
A4: 1 | B4: Hygiène des mains | C4: BINAIRE | D4: 4 | F4: Fait / non fait — contribution = valeur × pondération
A5: 2 | B5: Calcul de dose | C5: NUMERIQUE | D5: 10 | E5: 10 | F5: Valeur brute 0..10 — contribution = valeur (la pondération plafonne, ne multiplie pas)
A6: 3 | B6: Vérification allergies | C6: BINAIRE | D6: 2 | F6: Fait / non fait — contribution = valeur × pondération
A7: 4 | B7: Communication patient | C7: NUMERIQUE | D7: 4 | E7: 4 | F7: Valeur brute 0..4 — contribution = valeur
A9: Note méthodologique (contrat #358, engine.py) :
A10: 1) Variances ÉCHANTILLON (ddof=1) : VAR.S(), jamais VAR.P().
A11: 2) contribution(item) = valeur × pondération si BINAIRE ; valeur brute si NUMERIQUE (même arithmétique que le scoring, ExamItemSnapshot.weigh).
A12: 3) 8 étudiants : sous les seuils de production — on vérifie ici la FORMULE, pas le contrat de refus (qui a ses propres tests).
A22: 5) Le fixture JSON consommé par tests/test_fixtures_f3.py (ai-service/tests/fixtures/f3/) reprend VERBATIM les 9 valeurs de ce classeur (4 p, 4 r, 1 α), tolérance ±0.005.

Sheet Donnees
A1: Valeurs saisies (8 étudiants × 4 critères) — bleu = données d'entrée
A3: Etudiant | B3: C1 (BINAIRE) | C3: C2 (NUMERIQUE /10) | D3: C3 (BINAIRE) | E3: C4 (NUMERIQUE /4)
A4: E1 | B4: 1 | C4: 8 | D4: 1 | E4: 4
A5: E2 | B5: 1 | C5: 6 | D5: 0 | E5: 2
A6: E3 | B6: 0 | C6: 9 | D6: 1 | E6: 4
A7: E4 | B7: 1 | C7: 5 | D7: 1 | E7: 2
A8: E5 | B8: 0 | C8: 7 | D8: 0 | E8: 4
A9: E6 | B9: 1 | C9: 4 | D9: 1 | E9: 0
A10: E7 | B10: 1 | C10: 10 | D10: 1 | E10: 4
A11: E8 | B11: 0 | C11: 3 | D11: 0 | E11: 2

Sheet Contributions
A1: Contributions pondérées — contribution = valeur×pondération (BINAIRE) ou valeur brute (NUMERIQUE)
A3: Etudiant | B3: Contrib. C1 | C3: Contrib. C2 | D3: Contrib. C3 | E3: Contrib. C4 | F3: TOTAL
A4: =Donnees!A4 -> E1 | B4: =IF(Bareme!$C$4="BINAIRE",Donnees!B4*Bareme!$D$4,Donnees!B4) -> 4 | C4: =IF(Bareme!$C$5="BINAIRE",Donnees!C4*Bareme!$D$5,Donnees!C4) -> 8 | D4: =IF(Bareme!$C$6="BINAIRE",Donnees!D4*Bareme!$D$6,Donnees!D4) -> 2 | E4: =IF(Bareme!$C$7="BINAIRE",Donnees!E4*Bareme!$D$7,Donnees!E4) -> 4 | F4: =SUM(B4:E4) -> 18
A5: =Donnees!A5 -> E2 | B5: =IF(Bareme!$C$4="BINAIRE",Donnees!B5*Bareme!$D$4,Donnees!B5) -> 4 | C5: =IF(Bareme!$C$5="BINAIRE",Donnees!C5*Bareme!$D$5,Donnees!C5) -> 6 | D5: =IF(Bareme!$C$6="BINAIRE",Donnees!D5*Bareme!$D$6,Donnees!D5) -> 0 | E5: =IF(Bareme!$C$7="BINAIRE",Donnees!E5*Bareme!$D$7,Donnees!E5) -> 2 | F5: =SUM(B5:E5) -> 12
A6: =Donnees!A6 -> E3 | B6: =IF(Bareme!$C$4="BINAIRE",Donnees!B6*Bareme!$D$4,Donnees!B6) -> 0 | C6: =IF(Bareme!$C$5="BINAIRE",Donnees!C6*Bareme!$D$5,Donnees!C6) -> 9 | D6: =IF(Bareme!$C$6="BINAIRE",Donnees!D6*Bareme!$D$6,Donnees!D6) -> 2 | E6: =IF(Bareme!$C$7="BINAIRE",Donnees!E6*Bareme!$D$7,Donnees!E6) -> 4 | F6: =SUM(B6:E6) -> 15
A7: =Donnees!A7 -> E4 | B7: =IF(Bareme!$C$4="BINAIRE",Donnees!B7*Bareme!$D$4,Donnees!B7) -> 4 | C7: =IF(Bareme!$C$5="BINAIRE",Donnees!C7*Bareme!$D$5,Donnees!C7) -> 5 | D7: =IF(Bareme!$C$6="BINAIRE",Donnees!D7*Bareme!$D$6,Donnees!D7) -> 2 | E7: =IF(Bareme!$C$7="BINAIRE",Donnees!E7*Bareme!$D$7,Donnees!E7) -> 2 | F7: =SUM(B7:E7) -> 13
A8: =Donnees!A8 -> E5 | B8: =IF(Bareme!$C$4="BINAIRE",Donnees!B8*Bareme!$D$4,Donnees!B8) -> 0 | C8: =IF(Bareme!$C$5="BINAIRE",Donnees!C8*Bareme!$D$5,Donnees!C8) -> 7 | D8: =IF(Bareme!$C$6="BINAIRE",Donnees!D8*Bareme!$D$6,Donnees!D8) -> 0 | E8: =IF(Bareme!$C$7="BINAIRE",Donnees!E8*Bareme!$D$7,Donnees!E8) -> 4 | F8: =SUM(B8:E8) -> 11
A9: =Donnees!A9 -> E6 | B9: =IF(Bareme!$C$4="BINAIRE",Donnees!B9*Bareme!$D$4,Donnees!B9) -> 4 | C9: =IF(Bareme!$C$5="BINAIRE",Donnees!C9*Bareme!$D$5,Donnees!C9) -> 4 | D9: =IF(Bareme!$C$6="BINAIRE",Donnees!D9*Bareme!$D$6,Donnees!D9) -> 2 | E9: =IF(Bareme!$C$7="BINAIRE",Donnees!E9*Bareme!$D$7,Donnees!E9) -> 0 | F9: =SUM(B9:E9) -> 10
A10: =Donnees!A10 -> E7 | B10: =IF(Bareme!$C$4="BINAIRE",Donnees!B10*Bareme!$D$4,Donnees!B10) -> 4 | C10: =IF(Bareme!$C$5="BINAIRE",Donnees!C10*Bareme!$D$5,Donnees!C10) -> 10 | D10: =IF(Bareme!$C$6="BINAIRE",Donnees!D10*Bareme!$D$6,Donnees!D10) -> 2 | E10: =IF(Bareme!$C$7="BINAIRE",Donnees!E10*Bareme!$D$7,Donnees!E10) -> 4 | F10: =SUM(B10:E10) -> 20
A11: =Donnees!A11 -> E8 | B11: =IF(Bareme!$C$4="BINAIRE",Donnees!B11*Bareme!$D$4,Donnees!B11) -> 0 | C11: =IF(Bareme!$C$5="BINAIRE",Donnees!C11*Bareme!$D$5,Donnees!C11) -> 3 | D11: =IF(Bareme!$C$6="BINAIRE",Donnees!D11*Bareme!$D$6,Donnees!D11) -> 0 | E11: =IF(Bareme!$C$7="BINAIRE",Donnees!E11*Bareme!$D$7,Donnees!E11) -> 2 | F11: =SUM(B11:E11) -> 5

Sheet Difficulte
A1: Difficulté p = moyenne(valeur) / valeur_max (BINAIRE : dénominateur 1, p = moyenne)
A3: item_id | B3: moyenne(valeur) | C3: type | D3: valeur_max effectif | E3: p
A4: 1 | B4: =AVERAGE(Donnees!B4:B11) -> 0.625 | C4: =Bareme!C4 -> BINAIRE | D4: =IF(Bareme!C4="BINAIRE",1,Bareme!E4) -> 1 | E4: =B4/D4 -> 0.625
A5: 2 | B5: =AVERAGE(Donnees!C4:C11) -> 6.5 | C5: =Bareme!C5 -> NUMERIQUE | D5: =IF(Bareme!C5="BINAIRE",1,Bareme!E5) -> 10 | E5: =B5/D5 -> 0.65
A6: 3 | B6: =AVERAGE(Donnees!D4:D11) -> 0.625 | C6: =Bareme!C6 -> BINAIRE | D6: =IF(Bareme!C6="BINAIRE",1,Bareme!E6) -> 1 | E6: =B6/D6 -> 0.625
A7: 4 | B7: =AVERAGE(Donnees!E4:E11) -> 2.75 | C7: =Bareme!C7 -> NUMERIQUE | D7: =IF(Bareme!C7="BINAIRE",1,Bareme!E7) -> 4 | E7: =B7/D7 -> 0.6875

Sheet Discrimination
A1: Point-bisériale corrigée r = CORREL(contribution_item ; total − contribution_item)
A3: item_id | B3: plage contribution | C3: plage reste (total - item) | D3: r (CORREL)
A4: 1 | B4: Contributions!B4:B11 | C4: B9:B16 (feuille reste) | D4: =CORREL(Contributions!B4:B11,B9:B16) -> 0.03305898
A5: 2 | B5: Contributions!C4:C11 | C5: C9:C16 (feuille reste) | D5: =CORREL(Contributions!C4:C11,C9:C16) -> 0.62994079
A6: 3 | B6: Contributions!D4:D11 | C6: D9:D16 (feuille reste) | D6: =CORREL(Contributions!D4:D11,D9:D16) -> 0.48434344
A7: 4 | B7: Contributions!E4:E11 | C7: E9:E16 (feuille reste) | D7: =CORREL(Contributions!E4:E11,E9:E16) -> 0.34879056
A8: Etudiant | B8: reste C1 | C8: reste C2 | D8: reste C3 | E8: reste C4
A9: =Contributions!A4 -> E1 | B9: =Contributions!$F$4-Contributions!B4 -> 14 | C9: =Contributions!$F$4-Contributions!C4 -> 10 | D9: =Contributions!$F$4-Contributions!D4 -> 16 | E9: =Contributions!$F$4-Contributions!E4 -> 14
A10: =Contributions!A5 -> E2 | B10: =Contributions!$F$5-Contributions!B5 -> 8 | C10: =Contributions!$F$5-Contributions!C5 -> 6 | D10: =Contributions!$F$5-Contributions!D5 -> 12 | E10: =Contributions!$F$5-Contributions!E5 -> 10
A11: =Contributions!A6 -> E3 | B11: =Contributions!$F$6-Contributions!B6 -> 15 | C11: =Contributions!$F$6-Contributions!C6 -> 6 | D11: =Contributions!$F$6-Contributions!D6 -> 13 | E11: =Contributions!$F$6-Contributions!E6 -> 11
A12: =Contributions!A7 -> E4 | B12: =Contributions!$F$7-Contributions!B7 -> 9 | C12: =Contributions!$F$7-Contributions!C7 -> 8 | D12: =Contributions!$F$7-Contributions!D7 -> 11 | E12: =Contributions!$F$7-Contributions!E7 -> 11
A13: =Contributions!A8 -> E5 | B13: =Contributions!$F$8-Contributions!B8 -> 11 | C13: =Contributions!$F$8-Contributions!C8 -> 4 | D13: =Contributions!$F$8-Contributions!D8 -> 11 | E13: =Contributions!$F$8-Contributions!E8 -> 7
A14: =Contributions!A9 -> E6 | B14: =Contributions!$F$9-Contributions!B9 -> 6 | C14: =Contributions!$F$9-Contributions!C9 -> 6 | D14: =Contributions!$F$9-Contributions!D9 -> 8 | E14: =Contributions!$F$9-Contributions!E9 -> 10
A15: =Contributions!A10 -> E7 | B15: =Contributions!$F$10-Contributions!B10 -> 16 | C15: =Contributions!$F$10-Contributions!C10 -> 10 | D15: =Contributions!$F$10-Contributions!D10 -> 18 | E15: =Contributions!$F$10-Contributions!E10 -> 16
A16: =Contributions!A11 -> E8 | B16: =Contributions!$F$11-Contributions!B11 -> 5 | C16: =Contributions!$F$11-Contributions!C11 -> 2 | D16: =Contributions!$F$11-Contributions!D11 -> 5 | E16: =Contributions!$F$11-Contributions!E11 -> 3

Sheet AlphaCronbach
A1: Alpha de Cronbach = k/(k-1) x (1 - somme(var_item)/var_total) — variances ECHANTILLON (VAR.S)
A3: item_id | B3: _xlfn.VAR.S(contribution_item)
A4: 1 | B4: =_xlfn.VAR.S(Contributions!B4:B11) -> 4.2857143
A5: 2 | B5: =_xlfn.VAR.S(Contributions!C4:C11) -> 6
A6: 3 | B6: =_xlfn.VAR.S(Contributions!D4:D11) -> 1.0714286
A7: 4 | B7: =_xlfn.VAR.S(Contributions!E4:E11) -> 2.2142857
A9: k (nb critères) | B9: 4
A10: Somme _xlfn.VAR.S(item) | B10: =SUM(B4:B7) -> 13.571429
A11: _xlfn.VAR.S(total) | B11: =_xlfn.VAR.S(Contributions!F4:F11) -> 22.285714
A12: alpha de Cronbach | B12: =(B9/(B9-1))*(1-(B10/B11)) -> 0.52136752
